os_name,os_id,time,min_dist_ts,max_dist_ref,min_speed,max_speed,max_acc,iae,ise,itae
OS_N: 400.0,0,500.0,334.84677262743276,1.874868166851229e-05,5.999999918962932,5.999999999999998,1.1106354033119106e-09,0.0041502450077145125,4.776155304221536e-08,1.4086913393370435
OS_N: 325.0,1,500.0,272.0623132821423,1.8867569906433346e-05,5.9999999184275135,5.999999999999998,1.1177936879436247e-09,0.004176569049646058,4.8369253491710176e-08,1.4176259264357673
OS_N: 250.0,2,500.0,41.87826534499619,257.0456729578742,5.452560410380973,5.999999999999998,0.12018840715056871,68702.72625119037,13921910.829892304,20746746.044596452
OS_N: 175.0,3,500.0,41.87629915024254,193.95899877153494,5.607180746945492,5.999999999999998,0.10247022953578744,49132.21759134614,7461232.059357843,14835663.020625854
OS_N: 100.0,4,500.0,41.86680376177142,130.48603933203427,5.72757217978555,5.999999999999998,0.08580026857043463,31010.56440248053,3132268.85632681,9302013.907060135
OS_N: 25.0,5,500.0,41.86068294769906,66.0225919818514,5.835711551889634,5.999999999999998,0.058218841027040086,14674.860568262016,732397.595046552,4296669.776598999
OS_N: -50.0,6,500.0,41.86707816885664,2.05160066179386e-05,5.999999955567318,5.999999999999998,1.8025753383456086e-08,0.004976500823782513,7.433864393504135e-08,1.4743460592332849
OS_N: -125.0,7,500.0,104.64840968041621,2.8080808760932996e-05,5.99999987926984,5.999999999999998,1.6672622759061898e-09,0.006226880379880857,1.0738204332361757e-07,2.1123342514113443
OS_N: -200.0,8,500.0,167.43220821551284,2.8088817089155782e-05,5.999999879240811,5.999999999999998,1.6676433897133691e-09,0.006228539925610756,1.0744066106943153e-07,2.112909069198628
