os_name,os_id,time,min_dist_ts,max_dist_ref,min_speed,max_speed,max_acc,iae,ise,itae
OS_N: 150.0,0,500.0,149.79451525795508,7.4831502843153566e-06,5.999999940716814,5.999999999999999,6.756185946255048e-10,0.001546370082300619,6.415532630310903e-09,0.5157678483163735
OS_N: 112.5,1,500.0,112.36336487277264,2.0496410163600406e-06,5.9999999738698895,5.999999999999999,1.127770388702186e-09,0.0004987973900399648,5.869009168509307e-10,0.13755290023320205
OS_N: 75.0,2,500.0,74.90854993922608,6.708041413769259e-05,5.999999898111267,5.999999999999999,4.03215323902714e-08,0.010765748157582236,3.722271556054323e-07,2.087369537311241
OS_N: 37.5,3,500.0,49.93214077693858,87.93868977935858,5.955674908158337,5.999999999999999,0.023295245340434846,25070.0135124733,1793047.0454887154,6163203.946853262
OS_N: 0.0,4,500.0,49.96207504118939,50.12318569512032,5.983504471654811,5.999999999999999,0.014227560931938976,13868.031435061128,573543.5721032835,3347419.8141756863
OS_N: -37.5,5,500.0,49.931737944690155,12.506636523083632,5.998900261263556,5.999999999999999,0.0036759610352256333,3377.105121013487,35389.3252067878,802210.2037014355
OS_N: -75.0,6,500.0,74.90856448853661,0.0001254143791619577,5.999999883398798,5.999999999999999,3.0905322901239656e-08,0.017123067289137078,1.7127938381711305e-06,7.098408052402643
OS_N: -112.5,7,500.0,112.36336576176488,3.4582211061045386e-05,5.9999999542413835,5.999999999999999,5.101472932300269e-09,0.0038918423356689405,8.819698253983325e-08,1.5967114945183778
OS_N: -150.0,8,500.0,149.79451508952926,3.167538125126272e-07,5.999999993408009,5.999999999999999,1.0174788966921335e-10,3.5213649831085e-05,3.965626225107942e-12,0.012245319043383692
