os_name,os_id,time,min_dist_ts,max_dist_ref,min_speed,max_speed,max_acc,iae,ise,itae
OS_N: 100.0,0,500.0,89.99008670483411,5.287526103374651e-05,5.999999914826273,5.999999999999999,1.8565152516111415e-08,0.011069315064465327,3.798754040936362e-07,3.7867562645585573
OS_N: 75.0,1,500.0,67.49233520536656,5.688324146490877e-05,5.999999977850583,5.999999999999999,1.9408322364261137e-08,0.011253687144570626,4.2206248417810236e-07,3.9275407271839615
OS_N: 50.0,2,500.0,44.996040627830766,0.0009190106906152292,5.999999976578264,5.999999999999999,2.519952765780818e-07,0.2407952819558017,0.00018518242025142087,59.1586040203676
OS_N: 25.0,3,500.0,44.98407511447027,25.267936038936284,5.996602593849708,5.999999999999999,0.006460383338849303,6654.047045448157,140759.67869516686,1618226.9792864337
OS_N: 0.0,4,500.0,44.99991273067649,45.625660053506124,5.8622153116008135,5.999999999999999,0.010655383825767502,13361.658960584658,488305.3412012303,3545642.5383672058
OS_N: -25.0,5,500.0,44.99028739878788,22.782519440899943,5.922689395299324,5.999999999999999,0.005458161395505601,6622.553569551652,120966.69030032199,1748849.4101234304
OS_N: -50.0,6,500.0,44.996163827738265,0.0009595341508048562,5.999997689335499,5.999999999999999,2.3688293815574586e-07,0.27866617905390384,0.00021463646366074994,73.12088208346682
OS_N: -75.0,7,500.0,67.49233270483946,1.6810371304595248e-05,5.999999949598841,5.999999999999999,1.4761508243287305e-08,0.0052643384583014015,6.949933995741762e-08,1.3043489126852337
OS_N: -100.0,8,500.0,89.99008884014803,1.825849699400803e-05,5.999999925220655,5.999999999999999,1.2369493382498367e-08,0.005813676056183169,8.262117751893016e-08,1.5557244169375841
