os_name,os_id,time,min_dist_ts,max_dist_ref,min_speed,max_speed,max_acc,iae,ise,itae
OS_N: 100.0,0,500.0,89.99004285751903,0.0001297774733757251,5.9999991394784695,5.999999999999998,1.577760210301129e-08,0.03191730060121253,2.8489090092507594e-06,10.81148872169977
OS_N: 75.0,1,500.0,67.49228358852234,0.0001515303285941627,5.999998991676819,5.999999999999998,1.8529918824063993e-08,0.03727343858534684,3.885639389828538e-06,12.62609107065649
OS_N: 50.0,2,500.0,53.99492612104995,10.100897158871526,5.998777457547348,5.999999999999998,0.00581378982657378,2564.1833943298593,23546.027104058423,648991.7538497052
OS_N: 25.0,3,500.0,53.99406168249839,36.358976450571035,5.9843952887547545,5.999999999999998,0.020758443826959516,9650.005025075609,308649.64711015165,2520216.6281237314
OS_N: 0.0,4,500.0,53.99714091108486,57.26196114517691,5.961631428487103,5.999999999999998,0.03251935220083905,15729.80383525378,778535.4866865647,4200536.075178993
OS_N: -25.0,5,500.0,53.995856760517036,33.970571849064115,5.986293397214936,5.999999999999998,0.01945656762222623,8979.14074249906,269025.65567304875,2339115.311697249
OS_N: -50.0,6,500.0,53.99535246472682,9.90695255151446,5.998823553935641,5.999999999999998,0.0057031416470024205,2514.1266880303388,22649.61744052234,636174.5850577268
OS_N: -75.0,7,500.0,67.49234503195072,0.00013566512257057184,5.999999097629802,5.999999999999998,1.6576363381784112e-08,0.03337291372454088,3.1147121268357993e-06,11.304459630149282
OS_N: -100.0,8,500.0,89.99010073716197,0.00014230678198146052,5.999999053423867,5.999999999999998,1.7384846202759068e-08,0.03500726407707938,3.4273137996998343e-06,11.858154671327881
